krumplifej@citromail.hu; A rendelését két napon belül szállítjuk. A rendelés értéke: 116400 Ft.
kisspal@citromail.hu; A rendelését két napon belül szállítjuk. A rendelés értéke: 247300 Ft.
szputnyik@fidesz.gov; A rendelését két napon belül szállítjuk. A rendelés értéke: 2900 Ft.
kovacs7@merchant.org A rendelése függő állapotba került.
eva2001@fidesz.gov; A rendelését két napon belül szállítjuk. A rendelés értéke: 127600 Ft.
nagyatilla@fidesz.gov A rendelése függő állapotba került.
zoltantoth@fidesz.gov A rendelése függő állapotba került.
kisspal@gmail.com A rendelése függő állapotba került.
nagyatilla@freemail.hu; A rendelését két napon belül szállítjuk. A rendelés értéke: 52200 Ft.
krumplifej@merchant.org; A rendelését két napon belül szállítjuk. A rendelés értéke: 68500 Ft.
kovacs7@merchant.org A rendelése függő állapotba került.
zoltantoth@fidesz.gov A rendelése függő állapotba került.
kisspal@merchant.org; A rendelését két napon belül szállítjuk. A rendelés értéke: 3100 Ft.
kovacs7@freemail.hu; A rendelését két napon belül szállítjuk. A rendelés értéke: 3000 Ft.
fagylaltos@gmail.com; A rendelését két napon belül szállítjuk. A rendelés értéke: 85900 Ft.
eva2001@merchant.org A rendelése függő állapotba került.
kovacs7@golden.com A rendelése függő állapotba került.
kisspal@freemail.hu; A rendelését két napon belül szállítjuk. A rendelés értéke: 2000 Ft.
kisspal@merchant.org; A rendelését két napon belül szállítjuk. A rendelés értéke: 5000 Ft.
krumplifej@gmail.com; A rendelését két napon belül szállítjuk. A rendelés értéke: 62700 Ft.
eva2001@merchant.org A rendelése függő állapotba került.
szputnyik@golden.com A rendelése függő állapotba került.
szputnyik@fidesz.gov A rendelése függő állapotba került.
zoltantoth@citromail.hu A rendelése függő állapotba került.
kisspal@golden.com A rendelése függő állapotba került.
kisspal@freemail.hu A rendelése függő állapotba került.
nagyatilla@fidesz.gov A rendelése függő állapotba került.
eva2001@freemail.hu A rendelése függő állapotba került.
eva2001@citromail.hu A rendelése függő állapotba került.
majoros@fidesz.gov; A rendelését két napon belül szállítjuk. A rendelés értéke: 12300 Ft.
majoros@freemail.hu A rendelése függő állapotba került.
krumplifej@merchant.org A rendelése függő állapotba került.
eva2001@merchant.org; A rendelését két napon belül szállítjuk. A rendelés értéke: 600 Ft.
kisspal@freemail.hu A rendelése függő állapotba került.
fagylaltos@fidesz.gov A rendelése függő állapotba került.
kovacs7@freemail.hu A rendelése függő állapotba került.
nagyatilla@merchant.org A rendelése függő állapotba került.
nagyatilla@freemail.hu A rendelése függő állapotba került.
fagylaltos@gmail.com A rendelése függő állapotba került.
eva2001@golden.com; A rendelését két napon belül szállítjuk. A rendelés értéke: 44600 Ft.
majoros@fidesz.gov; A rendelését két napon belül szállítjuk. A rendelés értéke: 2200 Ft.
majoros@freemail.hu A rendelése függő állapotba került.
eva2001@fidesz.gov A rendelése függő állapotba került.
majoros@golden.com A rendelése függő állapotba került.
szputnyik@citromail.hu A rendelése függő állapotba került.
nagyatilla@freemail.hu; A rendelését két napon belül szállítjuk. A rendelés értéke: 31800 Ft.
krumplifej@merchant.org A rendelése függő állapotba került.
kovacs7@freemail.hu A rendelése függő állapotba került.
kisspal@citromail.hu A rendelése függő állapotba került.
szputnyik@gmail.com A rendelése függő állapotba került.
kovacs7@golden.com; A rendelését két napon belül szállítjuk. A rendelés értéke: 1800 Ft.
fagylaltos@freemail.hu; A rendelését két napon belül szállítjuk. A rendelés értéke: 19700 Ft.
erikaszep@merchant.org A rendelése függő állapotba került.
majoros@citromail.hu A rendelése függő állapotba került.
eva2001@fidesz.gov A rendelése függő állapotba került.
zoltantoth@citromail.hu A rendelése függő állapotba került.
krumplifej@gmail.com A rendelése függő állapotba került.
eva2001@freemail.hu A rendelése függő állapotba került.
kisspal@gmail.com A rendelése függő állapotba került.
eva2001@merchant.org A rendelése függő állapotba került.
nagyatilla@gmail.com; A rendelését két napon belül szállítjuk. A rendelés értéke: 600 Ft.
krumplifej@merchant.org A rendelése függő állapotba került.
nagyatilla@merchant.org A rendelése függő állapotba került.
kisspal@merchant.org A rendelése függő állapotba került.
fagylaltos@gmail.com A rendelése függő állapotba került.
nagyatilla@fidesz.gov A rendelése függő állapotba került.
eva2001@citromail.hu; A rendelését két napon belül szállítjuk. A rendelés értéke: 130000 Ft.
nagyatilla@fidesz.gov A rendelése függő állapotba került.
kisspal@citromail.hu A rendelése függő állapotba került.
zoltantoth@freemail.hu; A rendelését két napon belül szállítjuk. A rendelés értéke: 41100 Ft.
krumplifej@fidesz.gov; A rendelését két napon belül szállítjuk. A rendelés értéke: 4200 Ft.
krumplifej@gmail.com A rendelése függő állapotba került.
fagylaltos@fidesz.gov A rendelése függő állapotba került.
erikaszep@citromail.hu A rendelése függő állapotba került.
szputnyik@gmail.com A rendelése függő állapotba került.
zoltantoth@merchant.org; A rendelését két napon belül szállítjuk. A rendelés értéke: 13000 Ft.
fagylaltos@citromail.hu A rendelése függő állapotba került.
nagyatilla@golden.com A rendelése függő állapotba került.
fagylaltos@golden.com A rendelése függő állapotba került.
majoros@fidesz.gov A rendelése függő állapotba került.
zoltantoth@golden.com A rendelése függő állapotba került.
eva2001@golden.com A rendelése függő állapotba került.
zoltantoth@golden.com A rendelése függő állapotba került.
erikaszep@freemail.hu A rendelése függő állapotba került.
eva2001@fidesz.gov A rendelése függő állapotba került.
erikaszep@gmail.com A rendelése függő állapotba került.
eva2001@citromail.hu A rendelése függő állapotba került.
kisspal@merchant.org A rendelése függő állapotba került.
erikaszep@freemail.hu A rendelése függő állapotba került.
kisspal@gmail.com A rendelése függő állapotba került.
szputnyik@citromail.hu A rendelése függő állapotba került.
majoros@freemail.hu; A rendelését két napon belül szállítjuk. A rendelés értéke: 2700 Ft.
szputnyik@merchant.org A rendelése függő állapotba került.
kisspal@citromail.hu; A rendelését két napon belül szállítjuk. A rendelés értéke: 11600 Ft.
majoros@citromail.hu A rendelése függő állapotba került.
majoros@merchant.org A rendelése függő állapotba került.
kisspal@gmail.com A rendelése függő állapotba került.
nagyatilla@merchant.org A rendelése függő állapotba került.
erikaszep@golden.com A rendelése függő állapotba került.
szputnyik@golden.com A rendelése függő állapotba került.
nagyatilla@golden.com A rendelése függő állapotba került.
kovacs7@fidesz.gov A rendelése függő állapotba került.
fagylaltos@gmail.com A rendelése függő állapotba került.
kisspal@fidesz.gov A rendelése függő állapotba került.
kisspal@merchant.org A rendelése függő állapotba került.
szputnyik@gmail.com A rendelése függő állapotba került.
kisspal@fidesz.gov A rendelése függő állapotba került.
majoros@citromail.hu A rendelése függő állapotba került.
kisspal@citromail.hu A rendelése függő állapotba került.
fagylaltos@freemail.hu A rendelése függő állapotba került.
krumplifej@freemail.hu A rendelése függő állapotba került.
zoltantoth@freemail.hu; A rendelését két napon belül szállítjuk. A rendelés értéke: 800 Ft.
krumplifej@freemail.hu; A rendelését két napon belül szállítjuk. A rendelés értéke: 600 Ft.
nagyatilla@fidesz.gov; A rendelését két napon belül szállítjuk. A rendelés értéke: 600 Ft.
erikaszep@golden.com A rendelése függő állapotba került.
kisspal@gmail.com A rendelése függő állapotba került.
kisspal@fidesz.gov A rendelése függő állapotba került.
erikaszep@merchant.org A rendelése függő állapotba került.
zoltantoth@freemail.hu A rendelése függő állapotba került.
nagyatilla@freemail.hu A rendelése függő állapotba került.
